site,res_aa,start_sub,stop_sub,pi_res,pi_res_new,slope,avg_delta_pi,pi_res_minus_pi_res_and_new,cong_met
0,12,0,302,0.26365237511209105,0.9593300336988756,-0.0028843327796589714,-0.0031286191231458755,-0.6956776585867845,antistokes
0,16,303,341,0.10643957823972565,0.08523582805830938,0.00014072247307441777,0.000334579143825267,0.021203750181416264,stokes
0,12,342,354,0.0138402723080426,0.012676457657132222,0.00028406176794120434,0.0004466340074827307,0.0011638146509103785,stokes
0,16,355,499,0.15556887551135626,0.12966189348793042,-0.0005287239333331067,-0.00042080083063286775,0.02590698202342584,no agreement
1,13,0,499,0.2997718930924107,0.36642867770430587,2.234429405799342e-05,-0.0006298101157319624,-0.06665678461189517,no agreement
2,3,0,175,0.2491699143531069,0.4712269210935323,-0.0003330163860302309,-0.001424684084176772,-0.22205700674042542,antistokes
2,6,176,445,0.3287429516320127,0.19328422667250533,0.0009337659696470088,-0.00016713670225112256,0.1354587249595074,no agreement
2,5,446,480,0.04744690978680138,0.06066988980999313,-0.00035825011618995025,-0.0005276559289392077,-0.01322298002319175,antistokes
2,8,481,499,0.05710415754383036,0.057538757854680544,-0.0005729571837803471,-0.00012014064117462422,-0.00043460031085018613,antistokes
3,10,0,56,0.5700049246691913,0.75670835277814,-0.0011283879831406804,-0.0034285774010770326,-0.1867034281089487,antistokes
3,9,57,118,0.28072978550050265,0.21957019427866575,-0.0024072423709134154,-0.0008591265085402935,0.061159591221836895,no agreement
3,13,119,205,0.09536694162316575,0.08979382139559512,0.0002832818217577698,0.0009413744492337852,0.00557312022757063,stokes
3,10,206,499,0.36890437028938805,0.3674566363492353,-5.662548168787281e-06,-0.0002049222825166287,0.00144773394015274,no agreement
4,19,0,11,0.2640587170011817,0.2918722239989387,-0.005060588336184579,-0.006429528954255359,-0.027813506997756976,antistokes
4,9,12,499,0.23258635451751405,0.14864023524492576,-0.00013336916741521853,-2.9510270658848355e-05,0.0839461192725883,no agreement
5,9,0,347,0.09185478702217896,0.09998123038582132,0.00014274957611239882,-5.7956183504481825e-05,-0.008126443363642363,no agreement
5,10,348,499,0.4787572274086503,0.4703079899907832,0.0003757563468206934,-0.00042435097385892665,0.008449237417867073,no agreement
6,3,0,499,0.5010349647490717,0.9999999900930244,-0.0013263525888924346,-0.0018528168013706337,-0.4989650253439527,antistokes
7,2,0,36,0.014997814174436337,0.011200714136941195,5.150712931438859e-05,-9.129981373749063e-06,0.003797100037495142,no agreement
7,15,37,163,0.11288736921582773,0.11514238126362031,-5.0779980404437175e-05,-7.686814894381495e-05,-0.002255012047792576,antistokes
7,1,164,495,0.2576428874421888,0.12249654865054685,-0.001928264715858967,-0.00010343495531249991,0.13514633879164192,no agreement
7,7,496,499,0.07467717615808955,0.07298943586902243,0.004121866647326686,0.004121866647326687,0.0016877402890671245,stokes
8,7,0,499,0.22683904682953185,0.2497610252928056,-0.0003868520558043154,-0.000291665746343701,-0.022921978463273762,antistokes
9,11,0,499,0.4640003309626295,0.17854950447729293,0.0008864276646820534,-7.469024845832751e-05,0.2854508264853366,no agreement
10,13,0,499,0.3297689021356955,0.43884656742663325,0.000179878599446202,-0.0006720296931399616,-0.10907766529093776,no agreement
11,10,0,180,0.3136652727476737,0.45568445099873667,-0.0006742107243571063,-0.0017012187781737347,-0.14201917825106297,antistokes
11,5,181,337,0.04875823726543622,0.03589222578105984,0.00046125055124170367,-2.2600243212200227e-05,0.012866011484376376,no agreement
11,8,338,499,0.04491966928555327,0.039204779577374414,0.0002481293707368318,7.125296538556161e-05,0.005714889708178857,stokes
12,14,0,43,0.2694294312853336,0.26132377576241894,0.0016794366397262653,0.00039560231999481125,0.008105655522914645,stokes
12,1,44,144,0.20568724419588158,0.19646764602400035,-0.002461160266766444,-0.000799848270460035,0.009219598171881227,no agreement
12,14,145,499,0.5346949453925999,0.26260514327978873,0.0008903774704064866,-3.376832146063145e-05,0.27208980211281114,no agreement
13,17,0,499,0.07660473299790112,0.10967330313399001,-0.00015390037948362744,-0.00017926023535450166,-0.033068570136088896,antistokes
14,13,0,293,0.27134675981078027,0.3633820991386377,-0.0017846588424024745,-0.0008912790135367653,-0.09203533932785746,antistokes
14,10,294,499,0.5245170205015361,0.5273393715066559,-0.000478358041601577,-0.001031214886556075,-0.0028223510051197387,antistokes
15,1,0,202,0.32525217201291606,0.4161649708520163,-0.0021585541545788944,-0.0013658587727190224,-0.09091279883910025,antistokes
15,14,203,499,0.11902063154316296,0.11386166320389626,0.00018193875518010295,4.680467490564174e-05,0.005158968339266698,stokes
16,9,0,499,0.2145305673583566,0.19621538873769268,0.00017187759620917873,-0.00018942660234398648,0.018315178620663924,no agreement
17,11,0,131,0.3040454203303149,0.584907078512192,-0.0020698246208992873,-0.0038903723456332018,-0.28086165818187714,antistokes
17,1,132,217,0.4719749313001261,0.5561229524367934,0.0004654491198359309,-0.006071591519470464,-0.08414802113666736,no agreement
17,15,218,364,0.27029175542917944,0.48492053462961515,-0.0001273385928788198,-0.0010359140774671009,-0.21462877920043572,antistokes
17,1,365,499,0.2583858409406161,0.3375186530824622,-0.0012727278584827265,-0.0013221248095824532,-0.07913281214184609,antistokes
18,12,0,216,0.06681179520354529,0.028478286183727677,-0.00020351699687389655,-3.925110108927923e-06,0.03833350901981761,no agreement
18,9,217,298,0.20052403593457965,0.37581713870525946,0.0015663238453697875,-0.003982718656530678,-0.1752931027706798,no agreement
18,13,299,392,0.05350630229530099,0.0457675458045491,6.639560958058304e-05,0.00011630199530186954,0.00773875649075189,stokes
18,10,393,499,0.36921933982042016,0.29790602271131583,0.0004918701962141619,-0.00103463782879163,0.07131331710910432,no agreement
19,12,0,499,0.27446854336921866,0.9796723427532593,-0.0013651142913597787,-0.0018926399336870754,-0.7052037993840407,antistokes
20,10,0,482,0.5869245894099278,0.9110583198268429,-0.0006740720686811628,-0.0008490229330009702,-0.3241337304169152,antistokes
20,19,483,483,0.13293699469943518,0.13293699469943518,0.0,0.0,0.0,no agreement
20,9,484,499,0.1723917913641868,0.1973330154686089,-0.012264319961428422,-0.006669215827885887,-0.024941224104422094,antistokes
21,13,0,135,0.3774809673680654,0.48819333269452775,-0.0039844049389997655,-0.002067933240050934,-0.11071236532646234,antistokes
21,10,136,136,0.5099819704522544,0.5099819704522544,0.0,0.0,0.0,no agreement
21,13,137,299,0.22124192933873305,0.26954823709900066,0.0014214348878572025,-0.001295409125005846,-0.04830630776026762,no agreement
21,10,300,383,0.4902470139767401,0.35520889498381025,-0.0015878359390505347,0.0015819288721928965,0.13503811899292983,no agreement
21,13,384,420,0.2721591477101686,0.22047233429636628,-0.0007802943688459843,-0.0016640655056082278,0.051686813413802296,no agreement
21,10,421,499,0.4763849689583707,0.4500436079465125,-0.0009778423096823176,-0.0017473603439459476,0.02634136101185819,no agreement
22,8,0,499,0.5215049231819219,0.3607804516144332,-0.0005186895162450465,-0.0005035621411954694,0.1607244715674887,no agreement
23,10,0,238,0.4910893332407102,0.7870165506843975,-0.0017838513367171016,-0.00252164266657436,-0.2959272174436873,antistokes
23,13,239,499,0.2636878209726213,0.05135692864850333,0.00011053566537339637,0.00019997521338962774,0.21233089232411795,stokes
24,14,0,499,0.4827097361958808,0.7415856873276567,-0.0006458305070197841,-0.0008806251143244879,-0.2588759511317759,antistokes
25,1,0,499,0.41316721024389697,0.1875827791223108,0.00036754543069389715,2.7745507632991458e-05,0.22558443112158616,stokes
26,17,0,117,0.0470754922804595,0.071838514547151,-0.000573443534521216,-0.0004844204148666443,-0.024763022266691498,antistokes
26,15,118,499,0.16044522218135163,0.12629634476596635,-1.8730362464624764e-05,-4.7322174000608096e-05,0.034148877415385276,no agreement
27,3,0,218,0.3040033915295926,0.11932107716605103,7.531945857154142e-05,0.0019237766089833304,0.18468231436354157,stokes
27,8,219,223,0.1407426826350168,0.1555779497207272,-0.005934106834284157,-0.00659345203809351,-0.014835267085710396,antistokes
27,3,224,276,0.1462595050911265,0.14312830374354701,0.005037576609970261,0.003151441485425338,0.003131201347579493,stokes
27,6,277,484,0.30191018711671536,0.10957453128602362,-0.0003971275085191325,8.944991460034349e-05,0.19233565583069173,no agreement
27,3,485,499,0.05272183575534512,0.06184881265175411,-0.0018689486599524807,-0.0008196576619191977,-0.00912697689640899,antistokes
28,11,0,499,0.18678500364077638,0.0722065647855669,0.00020702120009294362,-8.703761120223016e-05,0.11457843885520948,no agreement
29,3,0,499,0.28562819917457205,0.5551229468247866,0.0002665614216539371,-0.0007932268284614242,-0.26949474765021453,no agreement
30,15,0,15,0.3269095214006676,0.3648782196363799,-0.009191158080753397,-0.003928597306975197,-0.037968698235712306,antistokes
30,1,16,499,0.6710072633689317,0.2983945249319651,0.0008761723721862748,4.4008544311508446e-05,0.3726127384369666,stokes
31,11,0,499,0.7260119967469163,0.9927578905995424,-0.0008356337794995827,-0.001645219747558908,-0.26674589385262615,antistokes
32,7,0,345,0.23079122540302088,0.3278848031754735,-0.0006037425679517692,-0.00025238401755363446,-0.09709357777245264,antistokes
32,15,346,423,0.25754126766637536,0.24698468428985879,-0.000938252670291065,-0.00018453383684564236,0.010556583376516576,no agreement
32,7,424,499,0.18187570638619138,0.20002331931038136,-0.0018053805894702362,-0.0011132144112443252,-0.018147612924189982,antistokes
33,1,0,499,0.9452267043308363,0.9999999994039114,-0.00028594501045825564,-0.000634967596822837,-0.054773295073075046,antistokes
34,1,0,499,0.924416713252311,0.7451951827246094,0.0001584229870511586,0.00013364749676822373,0.17922153052770162,stokes
35,1,0,330,0.8832449516062001,0.9962151616679902,-0.0006154769806210023,-0.0007811422574961979,-0.11297021006179009,antistokes
35,8,331,499,0.1434120138645179,0.14874312408254453,6.45109588509859e-05,-3.3364660776687904e-05,-0.0053311102180266245,no agreement
36,6,0,499,0.7232545563047181,0.8638104903470833,-0.0006421601134066678,-0.0008164530430712858,-0.14055593404236522,antistokes
37,14,0,74,0.18989542463194145,0.2183137058655826,-0.0009706525004582316,-0.0010164061012009427,-0.02841828123364115,antistokes
37,1,75,310,0.3664898351989281,0.5329536417327375,-0.001096672390559227,-0.0004795648959007155,-0.16646380653380943,antistokes
37,4,311,499,0.8476774177817512,0.3416131969363844,0.0020949436169199094,0.0032464428377373122,0.5060642208453667,stokes
38,11,0,499,0.8880708787315605,1.0,-0.00019135928240718468,-0.0012492737666414341,-0.11192912126843946,antistokes
39,11,0,499,0.643820350794998,0.999999984064955,-0.0010222684743189084,-0.001602786567693535,-0.35617963326995705,antistokes
40,1,0,499,0.7018455731162732,0.6543836028662694,0.00011428032839215015,-0.0003621148276328242,0.04746197025000376,no agreement
41,1,0,499,0.9034610420887305,0.7811277007257059,0.00026084659696744603,0.00020049394322136285,0.12233334136302454,stokes
42,1,0,499,0.8122930743750282,0.9591273305596894,-0.0002191736461803274,-0.0007372140264786359,-0.14683425618466117,antistokes
43,1,0,499,0.49771300252982775,0.983171076710618,-0.0013794906712686979,-0.0016175056814608836,-0.48545807418079023,antistokes
44,7,0,17,0.08976639758196181,0.0752342782342657,0.0030725225197540365,0.002161620446838439,0.014532119347696104,stokes
44,1,18,249,0.13501013801861372,0.07228414101046282,1.3113471411950459e-05,0.0002939671990346409,0.0627259970081509,stokes
44,7,250,499,0.07134187800798805,0.0785386510346825,4.304381068725184e-05,1.1607685930026604e-05,-0.007196773026694442,no agreement
45,8,0,12,0.06775986178340543,0.08966913278714218,-0.0018292601955426221,-0.0017081076401318127,-0.021909271003736755,antistokes
45,5,13,499,0.16816920970082555,0.04443343755136643,0.0004245007020779594,2.897606715430849e-05,0.12373577214945912,stokes
46,1,0,499,0.5984887955051013,0.9476172507888568,0.0005780767714543252,-0.0008267497160632566,-0.3491284552837556,no agreement
47,17,0,499,0.21502406882135294,0.23744912771987473,-0.00040095209443469996,-0.00042268271204115457,-0.022425058898521782,antistokes
48,8,0,258,0.12325837616298616,0.42519484507384225,-0.0001511842333118926,-0.0009281693735789433,-0.3019364689108561,antistokes
48,1,259,499,0.6870172520647285,0.25681025683526865,0.0017681536477632221,-1.5776841175571437e-05,0.4302069952294599,no agreement
49,12,0,499,0.6233884805151826,0.28458905109930377,-0.0006591342372029386,3.4788481686153045e-06,0.3387994294158788,no agreement
50,4,0,123,0.6413274454967828,0.9847116439142919,-0.003588875073845029,-0.005778213447449311,-0.3433841984175091,antistokes
50,13,124,489,0.02221734861255898,0.018467976996896406,-4.932313837386473e-05,-8.692671802672043e-07,0.0037493716156625743,no agreement
50,4,490,499,0.04386724174616572,0.03892259920178295,0.0004195715211914269,0.0017795666136102596,0.004944642544382774,stokes
51,17,0,499,0.20129140587248387,0.05058188651324783,0.0009414571283588869,-3.609786344588381e-05,0.15070951935923604,no agreement
52,3,0,499,0.5954826801495527,0.9772494749816009,-0.0004079259874287887,-0.0008135470153962622,-0.3817667948320481,antistokes
53,5,0,499,0.16858156488755374,0.24845539897392221,8.938969024890977e-05,-0.00029638306341626947,-0.07987383408636847,no agreement
54,6,0,473,0.269924149384065,0.225430168130737,-8.442463669840287e-05,-6.629895666003603e-05,0.04449398125332801,no agreement
54,3,474,499,0.3463562909004815,0.24461751718794764,-0.001945328330906131,0.002083752338150812,0.10173877371253384,no agreement
55,1,0,164,0.24536754884312226,0.7999302967413011,-0.002825221160206719,-0.00392728156855351,-0.5545627478981788,antistokes
55,4,165,499,0.13126435055697327,0.03675199338408132,0.0008764226153853691,7.094100008350407e-05,0.09451235717289196,stokes
56,13,0,499,0.17387387082036607,0.2021557804448954,3.0405995774395406e-05,-0.00020507155142508745,-0.02828190962452934,no agreement
57,19,0,247,0.1851872206159681,0.17177777800442368,0.00024673616929399983,0.00015328125689435926,0.01340944261154442,stokes
57,10,248,499,0.349351952441274,0.30747844258565715,0.0009698258049480368,0.0001049386061368579,0.04187350985561683,stokes
58,14,0,210,0.3723693075621767,0.9984021810352438,-0.0042966015390590445,-0.003848609141728923,-0.6260328734730671,antistokes
58,0,211,499,0.12916560876359304,0.0867068060228191,-9.708498211144516e-05,0.0001599475079242837,0.04245880274077393,no agreement
59,3,0,97,0.1852818893653719,0.15204149481221305,0.00039871130382544446,0.0029045388071511926,0.03324039455315886,stokes
59,6,98,486,0.03202417447201167,0.09757246947308469,-3.0579114406059306e-05,-0.00018173782780864502,-0.06554829500107302,antistokes
59,3,487,499,0.03180049870094422,0.03367187772444902,-0.00027060248833955596,-0.00025013702643021885,-0.0018713790235047947,antistokes
60,15,0,318,0.23506170803829596,0.23015117314219355,0.00014274833492708126,7.940165723790743e-05,0.004910534896102409,stokes
60,14,319,379,0.14146728071633716,0.09910022153992516,7.739625861816531e-06,1.5088198360189587e-05,0.042367059176411995,stokes
60,0,380,499,0.12029588900066822,0.06739950485359095,0.0003961206570897044,0.0002990693578735367,0.05289638414707727,stokes
61,15,0,194,0.2899075971785139,0.37135422650468203,-0.000573658818387131,-0.0010026599985023313,-0.08144662932616814,antistokes
61,14,195,411,0.23044605128586415,0.2876196885685869,-0.0013244195185558717,-0.0005965271263454953,-0.057173637282722733,antistokes
61,0,412,499,0.10307452112324203,0.08162821959998147,0.00045926685809270085,0.00016503754644431887,0.02144630152326056,stokes
62,13,0,49,0.09793525937831428,0.13641084727937935,-5.928396483002733e-05,-0.0011282623337542034,-0.038475587901065075,antistokes
62,19,50,53,0.2254372937018878,0.2375468307312278,-0.009082152772004968,-0.00908215277200497,-0.012109537029339978,antistokes
62,10,54,57,0.4563166498621502,0.4423704383717476,0.0209193172356038,0.020919317235603807,0.013946211490402594,stokes
62,19,58,476,0.126398229853791,0.221555997115526,-0.00011228145391077578,-0.00031736454103157625,-0.095157767261735,antistokes
62,0,477,499,0.1378955498154197,0.15973527000744145,-0.0035477211789538133,-0.0021578036175035654,-0.02183972019202174,antistokes
63,12,0,242,0.17038488628523166,0.0598141076869815,0.000719570452691283,-6.21706084866029e-05,0.11057077859825015,no agreement
63,9,243,391,0.09260586581992436,0.10285768949916199,0.000261626557896751,-9.404801920518881e-05,-0.010251823679237632,no agreement
63,10,392,442,0.2927380165737617,0.333044759175161,-3.5109990092457245e-05,-0.002479483786327199,-0.040306742601399326,antistokes
63,19,443,499,0.16524870894668825,0.1693264794154459,-0.00016007355847002332,-0.001296659895882873,-0.004077770468757652,antistokes
64,6,0,334,0.7311854266834178,0.9921058567458092,-0.0013397112589168879,-0.0013157140046205949,-0.2609204300623914,antistokes
64,3,335,499,0.4814003974928354,0.46375374252286367,0.000602978442140933,-0.0009737698701977822,0.017646654969971753,no agreement
65,17,0,357,0.0670433258846555,0.03197221735920568,-0.00015289085994151216,-3.908674823255035e-05,0.03507110852544982,no agreement
65,7,358,499,0.0866976343503898,0.08536780308396096,-0.00010528148124966715,7.725695853287802e-05,0.0013298312664288409,no agreement
66,5,0,159,0.07730207377244189,0.11406920513006376,-0.00025099714674952544,-0.0003475666979746044,-0.03676713135762187,antistokes
66,8,160,282,0.0787291868929941,0.13728878217289658,-0.00015100165716068793,-0.00040830888952703343,-0.05855959527990248,antistokes
66,3,283,322,0.10015484252891729,0.09695530549892978,0.0023327983687645593,0.002621892264346235,0.0031995370299875148,stokes
66,6,323,499,0.5919406921446589,0.8355311020035489,-0.0009376979597486886,-0.004260269352656233,-0.2435904098588899,antistokes
67,2,0,203,0.06557586116753118,0.18467965310044654,-3.067671007708764e-05,-0.0007357280908949964,-0.11910379193291536,antistokes
67,18,204,224,0.02776254775168472,0.02815170384424786,-0.00016101249023572382,-5.834833781370182e-05,-0.0003891560925631393,antistokes
67,2,225,263,0.06100422186811753,0.043416984970440185,0.0016103268991489103,-2.2526821386046833e-05,0.01758723689767734,no agreement
67,16,264,499,0.21454211225210026,0.11360906253176058,0.0009274604633913858,9.854253668459599e-06,0.10093304972033969,stokes
68,6,0,499,0.7341056205000182,0.9913785754218621,-0.0006517720067674743,-0.0009910093740320715,-0.257272954921844,antistokes
69,3,0,444,0.48233349782700013,0.489733343565295,0.00011947825043920908,3.41789703536147e-05,-0.007399845738294886,no agreement
69,6,445,499,0.5441332395510631,0.49512537080644403,-0.004001895072318469,-0.0008478775173033208,0.04900786874461904,no agreement
70,3,0,499,0.4033497451297483,0.9761374819745297,-0.0011984616860718055,-0.0017306421757660756,-0.5727877368447813,antistokes
71,3,0,10,0.05618587063376623,0.06252690380790907,0.0006149644753648021,-0.0011693699957858923,-0.006341033174142835,no agreement
71,6,11,499,0.31236363205707546,0.036661751059766136,0.0018275906723785875,0.00012572650566818858,0.2757018809973093,stokes
72,11,0,499,0.8532680288935507,0.9999614373230645,0.0007403611957693577,7.743487950226669e-08,-0.14669340842951384,no agreement
73,6,0,305,0.41972198776597125,0.40107691758969477,-0.0015069126212355736,-0.000838787079747574,0.01864507017627648,no agreement
73,5,306,499,0.24375039117243738,0.3159419460344568,0.00011116875597886777,-0.000918586465151711,-0.07219155486201942,no agreement
74,6,0,45,0.18933979752564994,0.23033868089503295,0.0009053238723273848,-0.0023009630232478416,-0.04099888336938301,no agreement
74,5,46,499,0.38021766700666826,0.36126847801256673,0.0003472031905802906,-0.00043408705420605647,0.01894918899410153,no agreement
75,3,0,499,0.574061567958638,0.3628315634177883,0.0002561142321978352,-0.000158417061570824,0.21123000454084973,no agreement
76,8,0,110,0.1360690292364222,0.2196188967038289,-0.0006553961922861367,-0.0009341191798368729,-0.0835498674674067,antistokes
76,1,111,499,0.9351124475017101,0.7190904922508901,0.0003343781663078178,0.0006307228110460747,0.21602195525082002,stokes
77,1,0,499,0.9563120962036995,0.9937722103623455,-5.7408093458563015e-05,-0.00017587863654961412,-0.03746011415864603,antistokes
78,14,0,499,0.8445406950736366,0.34702429740348,0.00040957080323015865,0.0008459558480881901,0.4975163976701566,stokes
79,10,0,499,0.41348901538463145,0.37138755794919875,7.967191747628932e-05,-9.212279609389282e-05,0.0421014574354327,no agreement
80,0,0,150,0.2942348592297253,0.3690859990908153,-0.0009459311623525427,-0.0015622167259432445,-0.07485113986108999,antistokes
80,19,151,499,0.188011414381538,0.13676249796760845,6.205204823469602e-05,6.357997556596868e-06,0.05124891641392956,stokes
81,6,0,372,0.43021759422299677,0.6896940203975978,-0.0012038035816605505,-0.001407004619817853,-0.259476426174601,antistokes
81,3,373,499,0.23710148568948725,0.16591891591944255,0.0007606058925476831,-0.0007885991805184067,0.0711825697700447,no agreement
82,3,0,193,0.22078878431712967,0.4503650028059858,-0.00019919836869333212,-0.000926028261007807,-0.22957621848885612,antistokes
82,6,194,467,0.36730192861769767,0.6405510104290995,-0.0013868322753164345,-0.00166755360594191,-0.2732490818114018,antistokes
82,3,468,499,0.2075803194921318,0.24545650420184667,-0.0063269692692833794,-0.006625181202054902,-0.03787618470971488,antistokes
83,5,0,499,0.2715043869516091,0.5887549175996433,7.55993305095983e-05,-0.0008113813911374315,-0.31725053064803416,no agreement
84,3,0,499,0.5661125038749996,0.498034431124443,0.00015121959457454044,-0.0002420922633917069,0.06807807275055655,no agreement
85,3,0,82,0.07442646329901015,0.24628722649216006,-0.0013548876040959978,-0.002639027278170621,-0.1718607631931499,antistokes
85,6,83,145,0.07926904407545482,0.05418587972129672,0.0006467471462250247,-0.0003577588975019233,0.025083164354158097,no agreement
85,3,146,499,0.2802115551486908,0.033659304287279784,1.0600020839360096e-05,1.1638860727690562e-05,0.246552250861411,stokes
86,5,0,63,0.2929740845533357,0.23258530171327638,0.002596235656311464,0.0017709466442901041,0.0603887828400593,stokes
86,6,64,301,0.21043971703584888,0.2913075788998663,-0.0016027961373740705,-0.0011237300686389824,-0.08086786186401743,antistokes
86,19,302,380,0.07848694635960013,0.0600211292755901,0.0012775135204347008,0.0007082750441872051,0.01846581708401003,stokes
86,0,381,499,0.4207019448522563,0.35973113106878984,0.0011656104500995198,-0.0018640402191459772,0.06097081378346647,no agreement
87,6,0,208,0.3659595475123757,0.5507393595001484,-0.0009826680485206633,-0.0008388845774664475,-0.1847798119877727,antistokes
87,3,209,499,0.4361694373291466,0.6085829489724889,-0.00013384048550993096,-0.0006991442446039317,-0.1724135116433423,antistokes
88,5,0,499,0.11755385883971403,0.15294877782254424,-4.070482233582101e-05,-0.000211981001859644,-0.035394918982830204,antistokes
89,1,0,499,0.26711213359394215,0.4358620739476466,-0.00011548663672856646,-0.0004511299780401051,-0.16874994035370444,antistokes
90,3,0,499,0.45452619125002175,0.7300814634623856,-0.0014308113621645663,-0.001382733307370023,-0.2755552722123638,antistokes
91,6,0,70,0.41603113039688294,0.5984948574555656,-0.00129105452914351,-0.0033434053656350767,-0.1824637270586827,antistokes
91,3,71,134,0.6647268383104701,0.6321960050498934,7.726271208859563e-05,0.0007718732422407973,0.03253083326057671,stokes
91,6,135,273,0.17373718566987317,0.3198232431665258,-0.0007957159428000488,-0.0007833742042111771,-0.1460860574966526,antistokes
91,3,274,278,0.5153842406201967,0.7550377124189441,-0.18959398834016675,-0.1562209993677796,-0.2396534717987474,antistokes
91,6,279,499,0.09494757801047499,0.17950700830776872,-0.0005609293985185451,-0.0006492046061263543,-0.08455943029729374,antistokes
92,4,0,499,0.9502511232503356,0.9999678238344031,0.0003350498390153997,6.461077429122682e-08,-0.04971670058406752,no agreement
93,17,0,499,0.036909905661222715,0.06697962414156006,-6.714937271658842e-05,-9.580597234188144e-05,-0.03006971848033734,antistokes
94,17,0,139,0.04627085753444392,0.053645520193176775,-2.946468498190722e-05,3.8997995464974645e-05,-0.007374662658732857,no agreement
94,4,140,499,0.8847798897576128,0.42854911244336175,0.0010592139604006425,0.001596231529475392,0.45623077731425105,stokes
95,3,0,109,0.6072970971627598,0.6019306058609901,-0.0009165484018014042,-0.0001473144794516011,0.005366491301769694,no agreement
95,6,110,360,0.5189325021476829,0.4191832779403224,5.9538876208168993e-05,0.00036087963145389843,0.09974922420736054,stokes
95,3,361,499,0.41337858593518073,0.5127880072464546,-0.0002885255102084808,-0.0005575421052934012,-0.09940942131127384,antistokes
96,3,0,8,0.34086206956872706,0.3729013662680163,0.012553195543771156,0.009961435570716382,-0.03203929669928923,no agreement
96,6,9,499,0.49193966251611787,0.4192643844576828,-0.0008389961096474345,-0.0001286557118262713,0.07267527805843504,no agreement
97,0,0,499,0.3355794762603925,0.6945934075426,-0.000798069169460907,-0.001135254145847195,-0.35901393128220754,antistokes
98,10,0,157,0.28600292466976857,0.1205389087561784,-2.8740465751845365e-05,-4.0986429053099476e-05,0.16546401591359017,no agreement
98,13,158,499,0.11768394595902568,0.016108928305008215,-9.751269269161134e-05,7.612169760618473e-05,0.10157501765401747,no agreement
99,11,0,499,0.884824034569382,0.999999980870405,-0.00035311814801681373,-0.0006337819549954769,-0.11517594630102301,antistokes
100,1,0,499,0.7347940935693991,0.9999708350954511,-0.0007894827348255663,-0.0007711533713473287,-0.2651767415260521,antistokes
101,1,0,285,0.8183418555095578,0.9999999999941717,-0.002407085268575228,-0.00274857943143427,-0.18165814448461381,antistokes
101,7,286,499,0.07921859066085518,0.05700949400357876,0.0001235589881701854,8.643237666253782e-05,0.02220909665727642,stokes
102,3,0,394,0.24031838821231152,0.5474595275877032,-0.0007518509818791687,-0.0012508061560274765,-0.30714113937539167,antistokes
102,8,395,418,0.03582207115122713,0.03816244051334567,-0.0004446385743689242,-8.6460910968913e-05,-0.0023403693621185384,antistokes
102,5,419,499,0.030356114471083773,0.03289957341311217,-7.130639091412999e-05,-4.0061167270022874e-05,-0.002543458942028398,antistokes
103,10,0,149,0.5353223604429707,0.551631675526284,-0.00045435843490737273,-0.0014947488581294902,-0.016309315083313347,antistokes
103,13,150,160,0.061259752509386735,0.0766484156590341,-0.0035629453218159746,-0.0041361292271234786,-0.015388663149647368,antistokes
103,10,161,499,0.4710909730006139,0.39255738132262874,0.0002188399077019089,-8.244030699754985e-05,0.07853359167798518,no agreement
104,11,0,233,0.6860587205712951,0.9999973012038014,-0.003769108044972129,-0.004168283885509721,-0.31393858063250624,antistokes
104,1,234,403,0.2934149174837361,0.2358500640517035,-0.0002806339166967235,-0.0007680402397706158,0.0575648534320326,no agreement
104,15,404,499,0.12865492720972158,0.10406509925696143,0.00017373030591375017,0.00012625798834413308,0.024589827952760143,stokes
105,4,0,499,0.8324484187193169,0.8807169740656143,0.0006953141014048647,-0.0010113058164811705,-0.04826855534629748,no agreement
106,1,0,499,0.5730117606903734,0.9976165912778773,-0.0015139772233828583,-0.0014538781727795975,-0.42460483058750387,antistokes
107,19,0,499,0.19264827959359038,0.21286951193242268,0.0001744785197693365,-0.00015455707313096265,-0.0202212323388323,no agreement
108,12,0,64,0.3751165463090941,0.2735463472000319,0.0038249702105912988,-0.0017755066840565625,0.10157019910906218,no agreement
108,9,65,166,0.09058056336752608,0.10882864288317758,-0.0004773055728664846,-0.0003776566349017728,-0.018248079515651494,antistokes
108,10,167,499,0.32427636372018315,0.21548052397277428,0.00012559152300848107,-0.00018121798652569494,0.10879583974740886,no agreement
109,4,0,499,0.9874051527717619,1.0,2.43583799712823e-05,2.2293635032633663e-19,-0.012594847228238115,no agreement
110,5,0,499,0.2831875758976347,0.7925826951728545,-0.0007976674819679372,-0.0014494834522648366,-0.5093951192752197,antistokes
111,10,0,266,0.46941611904070046,0.656400803413307,-0.0014353066920327858,-0.001695336579977358,-0.1869846843726065,antistokes
111,15,267,296,0.10289328945848472,0.07761950704493203,0.0029225470974052164,0.001035049454050471,0.025273782413552687,stokes
111,14,297,499,0.17926645394341792,0.12461529909088458,0.0006069463336063564,5.865254849110277e-05,0.05465115485253334,stokes
112,13,0,311,0.27220561887763123,0.13660665522027876,0.0005022603833890667,0.0005507508828877519,0.13559896365735247,stokes
112,4,312,499,0.8644041855460345,0.29803965153245787,0.001421949182226151,0.0030726544408019585,0.5663645340135766,stokes
113,3,0,499,0.5615717404171237,0.40398449078290194,-0.0003889488162446062,-0.000586305512148643,0.15758724963422172,no agreement
114,6,0,309,0.4175838081672259,0.5283160479565407,-0.002119092191797709,-0.0011691338123301814,-0.11073223978931485,antistokes
114,3,310,499,0.05723433151258336,0.08443226292802282,0.00010810294129932473,-2.747796950130836e-05,-0.027197931415439462,no agreement
115,10,0,272,0.48595707572103064,0.5528718728999222,-0.00046934665287119985,-0.0004833705749348054,-0.0669147971788916,antistokes
115,9,273,499,0.0970522502247552,0.13592285853516134,-0.00012850698245820717,-0.00039674038669544934,-0.038870608310406146,antistokes
116,17,0,335,0.12897124419197686,0.20533907359215403,-0.0008709843356888477,-0.0005175376774821025,-0.07636782940017717,antistokes
116,4,336,499,0.9103908370930279,0.19106288540280367,0.0006651234502857658,0.0032693171355829297,0.7193279516902242,stokes
117,3,0,499,0.49066790286401674,0.741625311267592,0.00014533869044592183,-0.0011756715573908306,-0.2509574084035753,no agreement
118,0,0,499,0.28213875538773364,0.3271648972055507,0.0004537553540713114,-0.0003516184713200043,-0.045026141817817056,no agreement
119,0,0,321,0.1960136567213693,0.19542830958463325,4.300268538659955e-05,0.00015794654795757743,0.000585347136736053,stokes
119,14,322,470,0.13077299087451139,0.039478140624465814,-0.0002865837887641029,0.0006279195624923313,0.09129485025004558,no agreement
119,16,471,499,0.08107230930666849,0.08021981671284693,-0.00043613707983116947,-0.0005399757037522886,0.0008524925938215577,no agreement
120,1,0,499,0.8384618749322066,0.9704975953924475,-0.0001918578965057279,-0.0016282173726052836,-0.13203572046024092,antistokes
121,6,0,147,0.19817996037007787,0.6564291648898027,-0.004144320422016804,-0.00434145114197519,-0.45824920451972484,antistokes
121,19,148,499,0.1467499555634771,0.05802528278232099,-4.249474588732077e-05,9.452673665854965e-05,0.08872467278115612,no agreement
122,3,0,355,0.7136237116222715,0.987089127568714,0.0002676011796026281,-0.0008630608535907644,-0.2734654159464426,no agreement
122,6,356,499,0.3294509272117777,0.3317949605025219,4.163350888507383e-05,-0.0009306779140429468,-0.002344033290744174,no agreement
123,6,0,459,0.3738736250594538,0.46362218663528715,-0.0006587644263574353,-0.0005640178892659886,-0.08974856157583333,antistokes
123,3,460,499,0.08174014875852616,0.0824611681089012,-0.00046810188228532505,-0.0012171090521479958,-0.0007210193503750378,antistokes
124,15,0,499,0.3564808114983317,0.6372279599632421,-0.0009021518351894914,-0.0009740427181894205,-0.2807471484649104,antistokes
125,7,0,465,0.2582191955719536,0.4388604086986501,-0.0007877752082643771,-0.000672047313026905,-0.1806412131266965,antistokes
125,0,466,499,0.20647185278142038,0.23444872374050416,-0.0035645042795999877,-0.003307449504089644,-0.02797687095908377,antistokes
126,7,0,499,0.1920447353268324,0.3099676966143038,-0.00013485868319045423,-0.00045967791262450534,-0.1179229612874714,antistokes
127,3,0,499,0.6044697662376203,0.8085460677463383,-9.563993048356717e-05,-0.0011493282972713486,-0.20407630150871803,antistokes
128,17,0,95,0.0221317994833646,0.016806637330606854,6.305021126117678e-05,0.00010610869773475472,0.005325162152757745,stokes
128,7,96,171,0.08000743153171165,0.049926071853736716,0.0003206564319434603,0.0006501114306698477,0.030081359677974935,stokes
128,15,172,201,0.10604908844354693,0.12012742602544965,-0.0016924375477537854,4.161073497709452e-05,-0.014078337581902717,no agreement
128,1,202,499,0.21589960810064357,0.18241610364784788,0.0008037694289838771,-2.6282523172541544e-05,0.03348350445279569,no agreement
129,3,0,499,0.5361747731396052,0.5002894028793613,0.0011108855721870278,-0.0003706578712699124,0.035885370260243854,no agreement
130,18,0,303,0.17665492577055142,0.6244622777533974,-0.0019820043970539694,-0.001876601945953982,-0.44780735198284594,antistokes
130,2,304,408,0.31570549157149475,0.06605383752466555,0.00623843123298286,-0.00017709671018778026,0.2496516540468292,no agreement
130,16,409,499,0.08035211392961884,0.09710190305060655,-6.603835388378613e-05,-4.606432251706268e-06,-0.016749789120987707,antistokes
131,15,0,499,0.2726048310776402,0.1889281592533547,0.0001749568716788974,6.873192943985443e-05,0.08367667182428551,stokes
132,6,0,499,0.4893225518397566,0.960228116101525,-0.0007809954103221896,-0.001755946748702835,-0.47090556426176844,antistokes
133,10,0,499,0.3328640311557425,0.40580604521296015,0.0005351873210999352,-8.632345762670113e-05,-0.07294201405721767,no agreement
134,17,0,428,0.05024327401315976,0.11762766428906436,-8.83506208038339e-05,-0.0001910801411308033,-0.0673843902759046,antistokes
134,10,429,435,0.360690317198797,0.3623211149256903,-0.0013978266230513633,-0.0019569572722719086,-0.001630797726893285,antistokes
134,17,436,439,0.0353048087293095,0.03622456199248292,-0.0006898149473800635,-0.0006898149473800637,-0.0009197532631734159,antistokes
134,10,440,499,0.33430899677452347,0.376432920491592,-0.001074212673065319,-0.004489434456789589,-0.04212392371706852,antistokes
135,13,0,373,0.20610413133474065,0.14489558317510123,0.00019416766476127397,0.00013363037707141324,0.061208548159639414,stokes
135,9,374,499,0.12434384351157507,0.17658239911116183,-0.0005291861321872622,-0.0009438390830172491,-0.05223855559958676,antistokes
136,16,0,499,0.13674883103581106,0.27407890119762274,-8.448794408378022e-05,-0.00034709737729118873,-0.13733007016181167,antistokes
137,10,0,499,0.5110638275424377,0.5858803574247484,0.00011888998958716882,-0.0008589380919672502,-0.07481652988231069,no agreement
138,7,0,199,0.12846555360608936,0.2302669194014794,-0.0003671490950881693,-0.0005885655367766032,-0.10180136579539004,antistokes
138,3,200,497,0.13047042572298378,0.09745763487511164,-0.0004092842063845044,-0.0002215263017989226,0.03301279084787215,no agreement
138,19,498,499,0.0533329394293625,0.0533329394293625,0.0,,0.0,no agreement
139,12,0,30,0.08681540822859853,0.04382953932201745,0.006213924878459275,0.006443715464261485,0.04298586890658108,stokes
139,9,31,499,0.2189628425831323,0.5541614166664871,-0.0003077819984309618,-0.0010815421843324382,-0.3351985740833548,antistokes
140,19,0,433,0.21913567680958945,0.20613145388361753,0.00017617393502437196,0.00013015174661335348,0.01300422292597192,stokes
140,13,434,499,0.13001318783249916,0.12193228824365282,-0.000124017878864847,-0.00026289149899700443,0.008080899588846335,no agreement
141,13,0,499,0.5552571753011524,0.791368344306298,0.00040164203640240953,-0.001335013585775291,-0.23611116900514562,no agreement
142,4,0,207,0.05030951564730189,0.03317548521555915,5.236878033522108e-05,3.175065838125333e-05,0.01713403043174274,stokes
142,13,208,499,0.08654139507935402,0.06899298750642038,0.00020298291314871025,0.00016151856965218716,0.017548407572933633,stokes
143,9,0,114,0.05695533669384562,0.06705806431273023,0.00033717929105795454,-0.00020233895743828378,-0.010102727618884609,no agreement
143,16,115,407,0.09549131720203258,0.0806383497444996,3.728924629753136e-05,-3.2658693088356264e-05,0.014852967457532978,no agreement
143,1,408,409,0.12025236952976877,0.12025236952976877,0.0,,0.0,no agreement
143,16,410,499,0.09954962034185118,0.08694165862978129,0.00033439409967904113,0.0003258747789075972,0.01260796171206989,stokes
144,14,0,499,0.727337328224886,0.8227976009966678,0.0005923872902368198,8.65800565229853e-05,-0.09546027277178182,no agreement
145,10,0,499,0.41852420713857597,0.43566070180541755,0.00016266756527627535,-3.1217068094953195e-05,-0.017136494666841584,no agreement
146,19,0,478,0.09475354024762536,0.1313377259904487,-0.00030271437031102245,-0.00015705902833615545,-0.03658418574282335,antistokes
146,10,479,499,0.09390303487770388,0.08495061486786294,0.0008993066492993051,0.0005194044276724527,0.008952420009840936,stokes
147,1,0,499,0.9679025713797219,0.9999999997785856,-3.01588469551579e-05,-5.570947266473628e-05,-0.03209742839886365,antistokes
148,18,0,48,0.23167268902388594,0.37223379427392217,-0.00043801460260722245,-0.005667417693020426,-0.14056110525003623,antistokes
148,4,49,211,0.19238185973277525,0.4059659193502946,-0.0017347869429398452,-0.0019479349563832143,-0.21358405961751933,antistokes
148,17,212,499,0.24794744566352583,0.07617707240471956,0.0002909964842857229,-0.00012978447882118347,0.17177037325880629,no agreement
149,0,0,499,0.21535231288178444,0.48602722714511465,-2.0300682623584054e-05,-0.0004970309812472114,-0.27067491426333024,antistokes
150,18,0,436,0.02976407228643212,0.04849402661517804,-2.4196397458086002e-05,-4.5976123651398984e-05,-0.018729954328745923,antistokes
150,8,437,499,0.04470722717312526,0.028222521606360462,0.00021583516935196498,0.00017247003814694397,0.016484705566764797,stokes
151,9,0,78,0.08890113802501437,0.12132948294450197,-0.0006124934639777567,-0.000622849353789743,-0.032428344919487595,antistokes
151,19,79,416,0.21167452942982315,0.14829586318844762,0.00011218472899920876,6.0389176481612575e-05,0.06337866624137553,stokes
151,10,417,499,0.4051200736542327,0.47189674201690257,-0.0011267885486484488,-0.001948655891481302,-0.06677666836266988,antistokes
152,1,0,499,0.9177665717370482,0.9999892979352935,-0.0003533197492026555,-0.0010736122204756508,-0.08222272619824522,antistokes
153,0,0,499,0.2250134650964657,0.601110976309018,-0.001007766965969203,-0.0009901320403522943,-0.3760975112125523,antistokes
154,3,0,185,0.12684622552542907,0.06787940551988286,-6.579038793092955e-05,0.0004427269463187197,0.058966820005546206,no agreement
154,6,186,499,0.747608246372937,0.15988959551301143,0.0005676588858831435,0.0008676906146844457,0.5877186508599256,stokes
155,11,0,499,0.9708308365160152,1.0,-0.00020813837693302073,-0.0008588335857940734,-0.029169163483984795,antistokes
156,6,0,81,0.01828956338837449,0.01788640042491759,9.485247364006012e-05,7.517954290277873e-05,0.00040316296345689964,stokes
156,3,82,290,0.031830844637323656,0.01704630906580183,2.9152862040868638e-05,0.00014695041018419707,0.014784535571521828,stokes
156,18,291,499,0.07941833696811632,0.0847420384728137,-7.522824770646725e-05,-0.00022624806333777341,-0.005323701504697381,antistokes
157,8,0,377,0.6197248130136457,0.960923380176247,-0.0006542665799130271,-0.0014029767785129796,-0.34119856716260133,antistokes
157,2,378,499,0.22041521033461137,0.5456678250711658,-0.0024798241013802087,-0.004107994702686547,-0.3252526147365545,antistokes
158,4,0,499,0.9983004446967465,1.0,6.913364007147691e-06,0.0,-0.0016995553032534971,no agreement
159,8,0,499,0.10841014753925898,0.2395561719935573,-0.0004899241849118907,-0.0004034584121047908,-0.13114602445429832,antistokes
160,2,0,280,0.06514713322662354,0.046454532512950654,0.00017097967745393537,8.312848574785384e-05,0.01869260071367288,stokes
160,18,281,283,0.06433514201070925,0.06433514201070925,0.0,0.0,0.0,no agreement
160,3,284,499,0.14539443991140422,0.056607208721056755,7.453830752159116e-05,-7.915712482008314e-06,0.08878723119034745,no agreement
161,10,0,104,0.24003717499706306,0.26873521911908027,0.0003675651974343819,0.000102601670725336,-0.028698044122017208,no agreement
161,19,105,195,0.12186674027753554,0.14365136443905593,-0.0002663305582943215,-0.0005882806958033064,-0.021784624161520397,antistokes
161,0,196,499,0.15465602096641595,0.16610390171031106,1.5871262216209911e-06,-0.00015484123130188156,-0.011447880743895106,no agreement
162,13,0,172,0.04816075685233967,0.06370446197062855,-5.713720728260542e-05,-0.0001283159003078329,-0.015543705118288884,antistokes
162,19,173,457,0.3129735676131868,0.13868717381252407,0.0002734601529706624,0.0006312175028514153,0.17428639380066271,stokes
162,10,458,499,0.2937521831626101,0.4257230788428879,-0.003995309231680548,-0.0044424968068367595,-0.1319708956802778,antistokes
163,10,0,162,0.33270036818335014,0.2982028585277273,0.00038369766374141687,-0.0001729011232249854,0.034497509655622816,no agreement
163,19,163,499,0.22029676275176416,0.16520601708464666,0.000217198760225972,4.8282163093740576e-05,0.0550907456671175,stokes
164,1,0,275,0.3828377229477088,0.41660946667323095,-0.0026331521321657373,-0.001160396968838471,-0.03377174372552216,antistokes
164,15,276,499,0.17748510025954087,0.15976898310529516,-0.0002499947580022477,-0.0001688448223379603,0.017716117154245703,no agreement
165,4,0,499,0.9674398891288284,1.0,-4.7740663759875e-05,-5.500194279729614e-06,-0.03256011087117161,antistokes
166,11,0,499,0.36125577628460537,0.15592788481180245,0.0006649505126078064,-0.0001329372449466891,0.20532789147280292,no agreement
167,1,0,499,0.4171654886730136,0.8288861024658857,-0.00099559949400482,-0.0011892670317723093,-0.41172061379287206,antistokes
168,8,0,343,0.3834075531540315,0.2664648202185778,-0.0007962258058733429,-0.0001869086164791797,0.11694273293545371,no agreement
168,10,344,499,0.2840204169272063,0.17646332490973302,0.0006065020662351194,0.0008959154119101118,0.1075570920174733,stokes
169,9,0,18,0.08755342625922237,0.06669305169219383,0.0045819768295396164,0.0029428999841074116,0.020860374567028536,stokes
169,19,19,50,0.16182810527933567,0.19441445135224086,0.002925385993381546,-4.398635475915495e-05,-0.0325863460729052,no agreement
169,13,51,499,0.31542633331580977,0.26142717943311583,-0.0004009695042177809,-0.00032987975381419557,0.05399915388269394,no agreement
170,12,0,499,0.2991211366727917,0.999886665184278,-0.0005676705323193719,-0.0019379022880435062,-0.7007655285114863,antistokes
171,4,0,499,0.978335407677484,1.0,5.3676369828129e-05,-2.8955164147204607e-05,-0.021664592322516052,no agreement
172,8,0,499,0.5900974706699471,0.2509258497789276,0.0009634706094108842,-5.2093173697992666e-05,0.3391716208910195,no agreement
173,13,0,21,0.12921981149582834,0.16083710161557702,-0.00309184382922107,-0.0025262537559054494,-0.031617290119748676,antistokes
173,10,22,295,0.29498293051544955,0.30037127759186527,0.0002716607429557739,0.0002586972860213736,-0.005388347076415723,no agreement
173,13,296,336,0.2871852577904753,0.09617321597764325,0.006251736223365029,0.003181571063058141,0.19101204181283207,stokes
173,19,337,499,0.2292555381977087,0.24217054272146393,0.00021608999256532532,-0.00018484854823386552,-0.012915004523755241,no agreement
174,3,0,16,0.03670356621436092,0.04149475356663851,0.0004569997518077261,-0.00012746084006089498,-0.004791187352277591,no agreement
174,6,17,76,0.04019019721424415,0.03126415490360407,0.0005938448437221895,9.823641532079344e-05,0.008926042310640078,stokes
174,7,77,499,0.1026043415683807,0.09922019300642856,3.605719553695568e-05,-1.9361678766795167e-05,0.003384148561952141,no agreement
175,13,0,5,0.10796181717603451,0.12205310431035496,-0.005301973220374868,-0.005515496877471864,-0.014091287134320452,antistokes
175,4,6,177,0.7318858340423453,0.7316985988560506,-0.0032608117531281503,-0.0036254922178325854,0.0001872351862947097,no agreement
175,13,178,179,0.05634956622592331,0.05634956622592331,0.0,,0.0,no agreement
175,4,180,289,0.30851433578350435,0.08634334871098656,-0.00681988881258984,0.00022411433742497357,0.22217098707251778,no agreement
175,13,290,499,0.16263734610203684,0.11487033421684348,0.0002796443943061325,-0.00023817521270410506,0.04776701188519336,no agreement
176,12,0,499,0.3880027175408932,0.11453183810862277,0.0007874704929640653,-0.00011734905007348817,0.27347087943227044,no agreement
177,11,0,499,0.9756092804788445,1.0,4.576653929230613e-05,-0.00020387487162314396,-0.024390719521155457,no agreement
178,15,0,499,0.24602097246411078,0.4238675870833511,-0.0006406914278736168,-0.0005491997056947378,-0.1778466146192403,antistokes
179,6,0,461,0.23628919413856128,0.08935014842240996,-0.0007976871200477907,-3.672100851323101e-05,0.14693904571615132,no agreement
179,5,462,499,0.06987053877035738,0.06706657796280639,-0.0006791644090690992,-0.0004208676131902543,0.0028039608075509925,no agreement
180,4,0,499,0.9989657348665516,1.0,-8.279456539575199e-06,-1.2702121457731735e-08,-0.0010342651334483977,antistokes
181,14,0,499,0.40748619925312235,0.8395786916001003,-0.0011246988268328048,-0.0013132201742290161,-0.432092492346978,antistokes
182,4,0,499,0.9349963742580477,0.9999999999999949,-0.0003739234366798234,-0.001780743080940237,-0.06500362574194718,antistokes
183,2,0,499,0.16849584315368565,0.1609184320933437,-0.0004979936193896286,-0.00024741638741067253,0.00757741106034196,no agreement
184,18,0,190,0.03771015928821247,0.11847307409445104,-0.00017199868720240978,-0.00040441553874529115,-0.08076291480623857,antistokes
184,3,191,197,0.035428608535704884,0.029374964980759536,0.003367806661997365,0.0029275685689072717,0.0060536435549453475,stokes
184,0,198,264,0.08820028852811426,0.06894310202325854,0.000988492553883528,0.00047277379578256886,0.019257186504855722,stokes
184,19,265,499,0.056406538571951326,0.06122503941622859,-0.0002422992223011985,-2.917004451158181e-05,-0.0048185008442772626,antistokes
185,10,0,499,0.1591408093735447,0.39465345900527654,-0.0006404762495158331,-0.0006048863792963144,-0.23551264963173185,antistokes
186,3,0,312,0.664782930597095,0.9554023893062601,-0.0010402102928353536,-0.002613809625693686,-0.29061945870916506,antistokes
186,7,313,499,0.13368567652156507,0.18945347277775443,-0.0004037804306346289,-0.00039285628409431786,-0.055767796256189356,antistokes
187,15,0,370,0.24895446771049726,0.1277542103870214,0.0009280639012374702,0.0005003405686057188,0.12120025732347586,stokes
187,16,371,375,0.15794898129919466,0.15666282711515558,0.0015052469533497616,0.0016513087995568831,0.0012861541840390733,stokes
187,14,376,499,0.22189729086997265,0.1407423150298303,0.00035599731341337597,-3.973440539497402e-05,0.08115497584014233,no agreement
188,13,0,151,0.552451578697359,0.8060630075312277,-0.001243000071152203,-0.004190615249317562,-0.2536114288338688,antistokes
188,9,152,169,0.11914599372787432,0.1444650798757981,-0.005308123568459898,-0.0035541475571550358,-0.025319086147923775,antistokes
188,13,170,239,0.3952031915903889,0.07746337932073986,-9.860462456925407e-05,2.8982722386237744e-05,0.31773981226964904,no agreement
188,10,240,294,0.2899751156223982,0.21317002853473274,0.0005338845813616493,0.0031037455711510763,0.07680508708766545,stokes
188,13,295,499,0.6296406122819944,0.14316062747233338,0.0012945030222348212,0.00022541415873094314,0.48647998480966104,stokes
189,2,0,386,0.17577631229256685,0.5229816570244896,-0.00029215848863629233,-0.0009515884795712895,-0.34720534473192277,antistokes
189,18,387,387,0.040939463875222556,0.040939463875222556,0.0,0.0,0.0,no agreement
189,3,388,499,0.2950967724723344,0.17682148806869658,0.0037306886397676826,0.00019630346409814825,0.11827528440363783,stokes
190,19,0,468,0.18435886689551215,0.27459534750908626,-0.0002722441805665144,-0.00018530881884625135,-0.09023648061357412,antistokes
190,10,469,499,0.28247260660966095,0.32093037827199383,-0.0037501396686613667,-0.001783241157468198,-0.038457771662332885,antistokes
191,1,0,499,0.6541542290291411,0.3845618060315755,0.0015361217645765203,-6.1029222502679585e-05,0.2695924229975656,no agreement
192,12,0,351,0.08607314140541683,0.18127597907952564,-0.00036290774951938844,-0.00045471988015888823,-0.09520283767410881,antistokes
192,9,352,464,0.034458686971683875,0.04685127313022411,-8.320115311225274e-05,-0.00026160690586719934,-0.012392586158540234,antistokes
192,15,465,499,0.1592465642548585,0.19341545630688034,-0.0022837406978416896,-0.002162046303679064,-0.03416889205202184,antistokes
193,4,0,499,0.9989270131081373,1.0,-2.692591530425008e-07,-2.079740474325754e-08,-0.0010729868918627483,antistokes
194,12,0,499,0.4494886972812889,0.6514671337223699,0.0005213064154314333,-0.0005583542893052473,-0.201978436441081,no agreement
195,6,0,499,0.8187078796017869,0.9999996953546209,-3.1728140612017843e-05,-0.0009742406461080961,-0.18129181575283393,antistokes
196,6,0,417,0.35287694464566777,0.925787032886554,-0.0011260895424762762,-0.0017522786404190855,-0.5729100882408862,antistokes
196,3,418,499,0.5103701732968944,0.24118794746433947,0.00025218450639678114,-0.002135350597789523,0.2691822258325549,no agreement
197,3,0,499,0.6864575177813997,0.568166268951664,0.0006630213214057052,-0.0004227745043311881,0.11829124882973574,no agreement
198,15,0,402,0.19572283977363514,0.36879579553096115,-0.00020623252889749092,-0.0006050437599636633,-0.173072955757326,antistokes
198,18,403,499,0.03518615154055158,0.028578240385045417,6.018524252095909e-05,-1.6254023601318536e-06,0.0066079111555061645,no agreement
199,3,0,499,0.6232525063538183,0.45226216065481345,0.0014731229305556194,0.00015294994921500853,0.1709903456990049,stokes
200,3,0,499,0.7142475412231185,0.9999999999371079,-0.0006626520975112844,-0.0017895937193338853,-0.28575245871398935,antistokes
201,4,0,499,0.9851630596966907,1.0,-9.061079282665058e-05,-0.0008010044001176012,-0.014836940303309287,antistokes
202,4,0,499,0.2672284912397463,0.537718557229995,-0.0007164395654728044,-0.0008959112018201525,-0.27049006599024866,antistokes
203,16,0,499,0.1930823301160474,0.21175953348772755,-1.7700764555684146e-06,-0.00019825924683568113,-0.018677203371680162,antistokes
204,5,0,47,0.38876079426470006,0.6353969179045461,-0.0019172949539247189,-0.0031694060740715345,-0.24663612363984605,antistokes
204,6,48,58,0.10639589304300993,0.06020484365331041,0.0041105424204896475,0.004968665926090706,0.04619104938969953,stokes
204,3,59,499,0.5066412059401438,0.20262847924733612,0.0001819195438150891,-0.00021145139535214477,0.3040127266928077,no agreement
205,2,0,102,0.051266189321102995,0.0369542055306486,4.701001369901031e-06,0.00011767065067129002,0.014311983790454397,stokes
205,11,103,499,0.11531581595911854,0.08566752081602193,-5.6930939067975675e-05,-4.674241466927062e-05,0.02964829514309661,no agreement
206,12,0,176,0.07253464129805386,0.08324671235304007,-0.0005823074549171123,-0.0003684033348226999,-0.010712071054986214,antistokes
206,19,177,499,0.14143909496946566,0.0882229300521648,-8.779012288467224e-05,-6.631046689147326e-05,0.05321616491730086,no agreement
207,1,0,499,0.9571251595284629,0.9998392880067433,7.045035353410937e-05,-0.00017597667218043552,-0.04271412847828038,no agreement
208,11,0,499,0.5741035380926475,0.16516882131518634,-0.00018673210743307735,0.0002339504532915428,0.4089347167774611,no agreement
209,1,0,499,0.9578514224352778,0.9999933449284997,-0.0001597465812300874,-0.0001942987551466279,-0.042141922493221906,antistokes
210,1,0,499,0.9648763144249557,0.9999508486978204,3.756589967412412e-05,-0.00016631192077852267,-0.035074534272864666,no agreement
211,7,0,260,0.09265846007716301,0.08158350152007407,6.404510463904191e-05,-4.06171395713346e-05,0.01107495855708894,no agreement
211,1,261,499,0.7809013970260898,0.4250770878531063,0.00012770900038556207,0.001853478703261604,0.3558243091729836,stokes
212,1,0,499,0.7647424455449305,0.9268810790639623,-0.000540822931711907,-0.0007032276042511118,-0.1621386335190318,antistokes
213,9,0,55,0.14151994616035934,0.18094414882810642,-0.0003372177571858954,-0.0007954330940072281,-0.03942420266774707,antistokes
213,10,56,499,0.38115153213355535,0.3924361778479262,6.594741897526152e-05,-0.0006171201978675618,-0.011284645714370878,no agreement
214,3,0,108,0.7157477946385432,0.7392878949633596,-0.001839257812154144,-0.001517374899512433,-0.02354010032481635,antistokes
214,6,109,236,0.23750696301443747,0.4205545378380848,-0.0018163484356160141,-0.002442534077186816,-0.1830475748236473,antistokes
214,3,237,499,0.4814769092578883,0.15725948194629794,-0.00018495569219461295,0.00027424757139419474,0.3242174273115903,no agreement
215,10,0,44,0.09564695620430314,0.12761343874283626,-0.0016192070330786571,-0.000862569147727069,-0.031966482538533125,antistokes
215,19,45,128,0.060339227993426385,0.04083764677585907,0.00017493440967343704,-2.9890393333151347e-06,0.019501581217567315,no agreement
215,0,129,353,0.1436505077804599,0.160894961018443,0.0001698130633980836,-0.00019326712497025973,-0.0172444532379831,no agreement
215,15,354,499,0.2151286576329023,0.19298822973917978,-0.0003992200436527327,-0.0005513392235733336,0.022140427893722503,no agreement
216,5,0,499,0.1806098826986573,0.1486872504663968,0.00010509225628188718,-5.8705128823488614e-05,0.031922632232260495,no agreement
217,3,0,499,0.36029652149497965,0.03629448446670714,0.0009513260479886543,0.0002446268048763333,0.3240020370282725,stokes
218,6,0,188,0.35916452376931407,0.21988958665899141,-0.0008282008035054504,0.0023344967740191016,0.13927493711032266,no agreement
218,3,189,333,0.3069841054768575,0.3355745757009706,0.0012283271136231458,-0.00021771076188592103,-0.028590470224113096,no agreement
218,6,334,499,0.5014302048952151,0.2750675188300855,0.00040341335385445413,-0.0013086140268979262,0.22636268606512955,no agreement
219,6,0,361,0.2168740468110772,0.0692524278252281,0.000783549601003118,0.00010553990643979716,0.14762161898584908,stokes
219,5,362,492,0.1361145715696751,0.13303449964774108,0.00041955717714907393,-0.0005869766675758702,0.003080071921934019,no agreement
219,14,493,499,0.16111096750607523,0.17909907766934802,-0.008731174536420689,-0.004737883466150383,-0.017988110163272786,antistokes
220,14,0,499,0.3370917166264936,0.8734754962423769,-0.0007757304629858766,-0.0013532090358583432,-0.5363837796158832,antistokes
221,8,0,39,0.20387733182049048,0.501585273997311,-0.010878802906459685,-0.01033573124979091,-0.2977079421768205,antistokes
221,3,40,228,0.26323499928130467,0.41316412388431933,-0.0012698326230276165,-0.0018796597149072795,-0.14992912460301466,antistokes
221,8,229,499,0.1498125496122304,0.07837491359925079,0.0001289726295816961,-6.670556622875305e-05,0.0714376360129796,no agreement
222,2,0,181,0.2314543712253379,0.2342549889717844,-0.0027640144012008685,-0.0010704985896685204,-0.002800617746446493,antistokes
222,15,182,304,0.16800606988693623,0.2065458684760113,-0.00020687716607415178,-1.4705268180105033e-05,-0.03853979858907508,antistokes
222,7,305,499,0.08054566027829675,0.07429827750259178,0.0002499390072558379,0.00012406520911201264,0.006247382775704968,stokes
223,2,0,499,0.13315956384619518,0.10767032535844069,-0.00017656686987423898,-0.00014442860354095188,0.025489238487754487,no agreement
224,1,0,499,0.8310506537630516,0.8860735526256587,5.8358736142534875e-05,-0.0009555991138218785,-0.05502289886260703,no agreement
225,8,0,499,0.3528932207217496,0.7461834085897558,-0.0007827723139967588,-0.0012789908086298287,-0.39329018786800624,antistokes
226,2,0,499,0.20325645177255014,0.2985965929367359,-0.0002906564848899794,-0.00047311798472476327,-0.09534014116418577,antistokes
227,18,0,209,0.0309407539589112,0.023183919686158468,9.347875086840944e-05,0.0002472892304492165,0.007756834272752731,stokes
227,15,210,499,0.2333010656948033,0.1630240971828842,0.0009618917575338211,-1.980755593009918e-05,0.07027696851191911,no agreement
228,14,0,499,0.2365949068286103,0.16354051464442274,-8.285774857174677e-05,3.2366818850438297e-05,0.07305439218418758,no agreement
229,6,0,499,0.5343511584633106,0.6674483191835936,-0.00017680608834986838,-0.0004989231520230406,-0.133097160720283,antistokes
230,6,0,499,0.7047477887311606,0.999997618908924,-0.000592655633018738,-0.0013825592205924746,-0.2952498301777634,antistokes
231,1,0,499,0.9142165529675679,0.9999996857443676,-0.00023559395411988185,-0.000345754621028756,-0.08578313277679972,antistokes
232,18,0,31,0.0341462271893884,0.03763627892097203,-0.0005520723859564916,-0.0005108002567970516,-0.003490051731583628,antistokes
232,8,32,96,0.06475278736282257,0.0168912703877504,0.0007067742773051974,0.0009098814875812756,0.04786151697507217,stokes
232,1,97,499,0.9008529132464977,0.4895265771386277,0.00048053782629482565,0.0003838712579277735,0.41132633610787006,stokes
233,18,0,148,0.12663469317011528,0.38013242159852884,-0.001074476346415428,-0.0023783056733306927,-0.25349772842841356,antistokes
233,8,149,184,0.052913365522358896,0.04290116857954247,0.00014591480590753897,0.0011569852106829066,0.010012196942816423,stokes
233,3,185,225,0.04156124095603606,0.04104246467415201,0.00045210796662570145,0.00012551035203930936,0.0005187762818840494,stokes
233,6,226,499,0.2306124172227619,0.03272086677065137,0.0005368347679536409,5.6021257401089366e-05,0.19789155045211054,stokes
234,1,0,499,0.7830481296295857,0.9437625415017526,-2.4924080047041865e-05,-0.0008273761537713749,-0.16071441187216695,antistokes
235,7,0,219,0.09012754235356465,0.08398315984624011,0.0003090021440852412,-0.0001821693332147507,0.006144382507324547,no agreement
235,15,220,331,0.1924452050579705,0.15917583800185245,-6.197118899257186e-05,0.00040670010912497394,0.03326936705611805,no agreement
235,1,332,499,0.8011323536650294,0.44388264405416294,0.0001469732945763685,-0.0011370888016326618,0.3572497096108665,no agreement
236,19,0,14,0.23258738051324374,0.22336343070730924,0.002698636790553754,0.0021830363868590506,0.009223949805934495,stokes
236,10,15,173,0.5159548747522836,0.445737385861124,-0.0024412479292891284,6.651399225488177e-05,0.07021748889115964,no agreement
236,13,174,499,0.1012431715210155,0.09814602018781782,0.00031335447837823254,-4.265824877004189e-05,0.003097151333197684,no agreement
237,9,0,499,0.10072797452153844,0.07605655645803541,0.0004967456448240487,1.2125927914207963e-05,0.024671418063503023,stokes
238,7,0,2,0.21733724178114155,0.2275352877978206,-0.020396092033358064,-0.02039609203335807,-0.010198046016679035,antistokes
238,15,3,93,0.19143415994184443,0.24493575531708614,7.706226796292308e-05,-0.00022169822851628802,-0.05350159537524171,no agreement
238,2,94,288,0.057660070740590506,0.05028594937208374,9.829615901662284e-05,0.00025409893556171866,0.007374121368506764,stokes
238,15,289,389,0.18164137698895033,0.13866146090430714,-4.629834609656227e-05,0.0006060476334912086,0.04297991608464319,no agreement
238,16,390,499,0.18849098001756073,0.13740026678490327,0.0007686274663178406,0.0002655164373001637,0.05109071323265746,stokes
239,5,0,106,0.10821527728644914,0.16008838400725486,-0.0007221243446836602,-0.0007105087833117594,-0.05187310672080572,antistokes
239,6,107,325,0.2175429145138278,0.05039486108067881,0.000483434603565705,0.001065573503208809,0.16714805343314898,stokes
239,3,326,499,0.44455296083442536,0.4074605967962429,0.0006217337611480593,-0.00035794228139080533,0.037092364038182446,no agreement
240,10,0,378,0.48922403796486125,0.49252529321584304,-0.00015452828437726948,-8.768559057929373e-05,-0.003301255250981794,antistokes
240,19,379,406,0.18672485696528782,0.20179142035230563,-0.004055980287217008,-0.004233548443078931,-0.015066563387017812,antistokes
240,9,407,499,0.1088907968698805,0.050369654368600136,-0.00028617238960653075,4.366588269740613e-06,0.05852114250128036,no agreement
241,9,0,499,0.209647917291245,0.4565267122348003,-0.0004194805115986671,-0.0007959254803593954,-0.2468787949435553,antistokes
242,9,0,349,0.15876866489341895,0.3056612800718429,-0.0008184749771844952,-0.0006063243527308795,-0.14689261517842395,antistokes
242,12,350,499,0.030109893012537782,0.04088543082146738,1.7104248917582324e-05,-2.309406046268958e-05,-0.010775537808929599,no agreement
243,16,0,67,0.056121177922188216,0.0856639663704145,-0.00026200083781230643,-0.0006249600439832246,-0.029542788448226283,antistokes
243,14,68,287,0.12845980306223423,0.053114131403542875,2.3304766388199426e-05,0.000255421474357081,0.07534567165869135,stokes
243,0,288,359,0.1697065334448417,0.15813062667420877,0.0008964332491117417,0.00023913758236731664,0.011575906770632943,stokes
243,19,360,499,0.16029094284275158,0.14271833159908767,0.00029692191135684954,0.0002089040527058593,0.01757261124366391,stokes
244,7,0,142,0.12353358588173351,0.269343122715972,-0.0009676747343375357,-0.0012533407626817432,-0.14580953683423847,antistokes
244,19,143,425,0.19841638753404858,0.0792730096432999,0.00010346282188713105,0.00025612654695948695,0.11914337789074868,stokes
244,0,426,499,0.13098197000254524,0.1307873288814728,-0.0004064790641722238,-0.0002962769020344693,0.00019464112107245302,no agreement
245,9,0,146,0.14117537347673206,0.20691454752449623,-0.0008995982425526517,-0.000927875651193656,-0.06573917404776417,antistokes
245,19,147,339,0.20297502540280035,0.13180915114012257,-5.8659697100660605e-05,0.000294751151030004,0.07116587426267779,no agreement
245,10,340,382,0.4587783304431009,0.3239479259978276,0.0026383479380187452,0.004406005167555613,0.13483040444527328,stokes
245,9,383,499,0.1501315396106571,0.1730497189404321,8.401830723728563e-05,-0.0007482153560109846,-0.022918179329775024,no agreement
246,16,0,328,0.09433913782060455,0.1540823777462885,1.0964734872724141e-05,-0.00021385029904442282,-0.05974323992568395,no agreement
246,15,329,451,0.12193645265056262,0.14014392340479873,-0.0004048735311023576,-0.0004194571499892403,-0.018207470754236108,antistokes
246,0,452,496,0.10728637000439059,0.1125151302653422,0.0006591514464693176,0.00021315398566305876,-0.0052287602609516065,no agreement
246,19,497,499,0.08504928117355706,0.06731479630788155,0.03546896973135101,0.035468969731351024,0.017734484865675512,stokes
247,19,0,277,0.2607409125980976,0.14066837121601816,0.0004932756689272736,0.00023190722969346594,0.12007254138207946,stokes
247,10,278,286,0.3796484457117598,0.3522046983131425,-0.00604540153411589,-0.0021498975373482965,0.027443747398617324,no agreement
247,13,287,358,0.08729448737809191,0.11024606888547739,0.0006940155786477781,0.00022352480860861137,-0.02295158150738548,no agreement
247,10,359,499,0.4080873407313334,0.3931972997841883,0.00021277859069351323,-4.6693567495639736e-05,0.014890040947145078,no agreement
248,15,0,499,0.17868452505490545,0.15015632542507057,-0.00011093267499910351,-1.8414863884082138e-06,0.028528199629834883,no agreement
249,7,0,499,0.17039621254314838,0.14210735283946085,-0.00013813418466504269,-7.992516920871455e-05,0.028288859703687524,no agreement
250,12,0,6,0.018248769782151175,0.019512568916258764,-3.041081417615268e-05,-0.00021639957473941902,-0.001263799134107589,antistokes
250,19,7,356,0.14755736682318213,0.09862641017931147,6.484085352370647e-05,0.00025338690721399065,0.04893095664387066,stokes
250,10,357,499,0.5100798491092973,0.42903855107542926,-0.00027640023037412933,-0.0006078017042561081,0.081041298033868,no agreement
251,14,0,440,0.33023810448671004,0.2532485277800393,1.8435338467472937e-05,-0.00016172359179971265,0.07698957670667073,no agreement
251,5,441,499,0.2107298160717634,0.08882597066818738,0.00038030830663433917,7.677987860036438e-05,0.121903845403576,stokes
252,5,0,79,0.1259451686202865,0.07629732615295812,0.001204597519046332,0.00034631878072651477,0.049647842467328396,stokes
252,14,80,126,0.1802266888969953,0.16367923316501168,-0.0004893866682704165,-0.0019176311377189941,0.01654745573198363,no agreement
252,1,127,499,0.25058556170576357,0.26179400258571267,0.0006523758575385594,-0.00012287154044822213,-0.0112084408799491,no agreement
253,7,0,326,0.17196467944961016,0.18509772070324496,-0.000490991390279306,-0.00033621388423333307,-0.013133041253634792,antistokes
253,15,327,499,0.1522995263612357,0.19344392612928973,0.0001978151687179485,-0.00046393895286022573,-0.041144399768054035,no agreement
254,1,0,262,0.22527637523213762,0.36187818067165944,-0.0008131143776664811,-0.0007927385394086111,-0.13660180543952183,antistokes
254,16,263,499,0.15587356758960128,0.09317792442969161,0.0003688126351700038,0.0002003402853695405,0.06269564315990966,stokes
255,1,0,393,0.3966822528111119,0.8386196584667386,-0.0017664355924336792,-0.0016177296243621003,-0.44193740565562667,antistokes
255,14,394,499,0.3946605699805934,0.25357594610304063,0.0010808238559619316,-0.00011635608220229,0.14108462387755277,no agreement
256,0,0,0,0.09097706335401588,0.09097706335401588,0.0,0.0,0.0,no agreement
256,19,1,250,0.05288285018995516,0.032061412740507174,0.00011367054909897659,0.00015805573506461762,0.020821437449447984,stokes
256,0,251,308,0.1016243776825889,0.11563419863512607,-0.0005094585761234901,-0.0006275679926589344,-0.014009820952537166,antistokes
256,14,309,499,0.19898953914342918,0.12040455509078081,-5.0352650725329735e-05,2.982904621077781e-05,0.07858498405264837,no agreement
257,13,0,499,0.14453892530274734,0.1479204904783281,0.0003970246129677299,1.730835594196016e-05,-0.0033815651755807474,no agreement
258,10,0,88,0.31744536725014433,0.4273077172919124,0.0006369762945086836,0.0001850907253715516,-0.10986235004176809,no agreement
258,13,89,111,0.09407997729619716,0.10776242814973072,-0.0008539731824884452,-0.0005577504232572372,-0.013682450853533562,antistokes
258,4,112,499,0.249947972142991,0.07265370502412775,-0.0008386906212244429,8.826700309372464e-05,0.17729426711886326,no agreement
259,4,0,499,0.565393435324506,0.20528031363349575,0.00019339907707791596,-0.00011688029336742377,0.3601131216910103,no agreement
260,13,0,22,0.12079802633468226,0.1482072135326021,0.0007467551841375005,-0.00077429029629501,-0.02740918719791985,no agreement
260,10,23,230,0.2086903428416036,0.010214854470394028,0.0009857837808908158,0.0011733694031546128,0.19847548837120957,stokes
260,19,231,499,0.12416802259306457,0.13267131602337925,0.00011671940289779862,0.00015905957101207586,-0.008503293430314682,no agreement
261,15,0,270,0.2207760438465905,0.2696604420425266,-0.0006753407022003811,-0.00027535062559310146,-0.048884398195936096,antistokes
261,0,271,499,0.19237921509704406,0.23127604131757623,0.0004037153057984418,-0.0004438212559789334,-0.03889682622053217,no agreement
262,2,0,40,0.03458791931669094,0.014538776135431785,0.0012690696911541646,0.0012106594389649976,0.020049143181259152,stokes
262,18,41,267,0.0329914079814566,0.04636396142472067,-0.00016919087454215915,-0.00010408597699433914,-0.013372553443264074,antistokes
262,8,268,499,0.04743570137600949,0.010594319125182836,9.744892374092398e-05,0.00011788868380826056,0.03684138225082666,stokes
263,19,0,80,0.2507491141737873,0.335857449278095,-0.0016591131136927226,-0.002852928039359379,-0.08510833510430771,antistokes
263,10,81,499,0.38635925257806647,0.26316921463581233,0.0008091989879692779,0.00027355011598168564,0.12319003794225414,stokes
264,10,0,384,0.1640290044586745,0.2730604742040238,0.00039093893242099097,-0.0001213176643125527,-0.1090314697453493,no agreement
264,14,385,499,0.182893475475042,0.1725852024574353,-0.0003006762698476969,-0.00015452345746547584,0.0103082730176067,no agreement
265,11,0,499,0.31210722100760635,0.0664903609408713,-0.0003410630504883211,-8.929112813875869e-05,0.24561686006673505,no agreement
266,11,0,143,0.7591432314977529,0.9999999822791061,-0.005107401220817817,-0.006485653166117244,-0.24085675078135327,antistokes
266,2,144,400,0.035502414524445566,0.033527101466828794,2.1918699386441816e-05,2.9712725928625215e-05,0.001975313057616772,stokes
266,11,401,499,0.32383699604254085,0.05753857753166923,0.0009455078190006103,0.0001174283696770277,0.2662984185108716,stokes
267,11,0,499,0.8233118257022507,0.9679338314617311,0.0004725196330296183,-0.0016844765130701216,-0.14462200575948037,no agreement
268,1,0,499,0.4138260554257076,0.865307941603845,-0.0011635176504305946,-0.001321212283368615,-0.45148188617813745,antistokes
269,13,0,23,0.17719474001967028,0.2028087402875645,0.004000022065946066,0.0034203840856238082,-0.025614000267894205,no agreement
269,4,24,499,0.8199785258244845,0.8771668976850581,0.0008772866220120391,-0.0010082493056673828,-0.05718837186057357,no agreement
270,4,0,499,0.5986155478514198,0.9999850862197823,-6.930629090391485e-05,-0.0018941573455620718,-0.40136953836836253,antistokes
271,13,0,42,0.06314345733955123,0.09411133908251723,-0.0004391627785249548,-9.123351285053983e-05,-0.030967881742965997,antistokes
271,9,43,91,0.048260528487922304,0.05324700394697061,-7.203815572085677e-05,-0.00012909491699595653,-0.0049864754590483035,antistokes
271,19,92,452,0.09741868729175383,0.1399173600050344,2.0791013628028777e-05,-4.461039134140545e-07,-0.042498672713280575,no agreement
271,13,453,454,0.06781461696602703,0.06781461696602703,0.0,,0.0,no agreement
271,19,455,499,0.12702416210108727,0.11386467706039315,-0.000569974569340007,-0.0010860967506373818,0.013159485040694127,no agreement
272,1,0,499,0.7788269967741277,0.9700653662944219,-0.00033297031979881523,-0.001038210524866517,-0.19123836952029416,antistokes
273,5,0,441,0.29693195646748716,0.16729923858924248,0.0005143092160385317,2.4040525694688772e-05,0.12963271787824468,stokes
273,1,442,499,0.25371086467971377,0.24520533706746817,-0.0008405407988346613,-0.0012999685107852401,0.0085055276122456,no agreement
274,2,0,215,0.03750227077956107,0.03970877970265501,-6.489765024059378e-06,3.494150416550298e-05,-0.0022065089230939375,no agreement
274,8,216,499,0.0997840829520042,0.0016526176220268475,0.00016529500637906046,0.0002270004626717292,0.09813146532997735,stokes
275,8,0,25,0.058045154540194065,0.05443232989896497,0.0008516983115500053,0.0014710600486876572,0.0036128246412290912,stokes
275,2,26,340,0.04413033948696723,0.14185246129719328,-0.00018576686733717089,-0.0003582650012033017,-0.09772212181022605,antistokes
275,11,341,499,0.04608110958362335,0.027880123606532158,-0.0006710441658571342,-6.191605528109305e-05,0.018200985977091196,no agreement
276,2,0,41,0.05220614123827726,0.05934946489442065,0.0009248941855096909,-0.0002944924746995703,-0.007143323656143397,no agreement
276,8,42,499,0.14144034413047424,0.07839089386519836,0.00017559959652824295,-8.308447857195598e-05,0.06304945026527588,no agreement
277,13,0,499,0.056057535102883985,0.10462467998535996,-0.00016282564036864983,-0.000136578119673172,-0.048567144882475974,antistokes
278,9,0,170,0.25380576299971846,0.34186950525459486,-0.0010863343319442334,-0.0016826236459280555,-0.0880637422548764,antistokes
278,10,171,329,0.28576139469736045,0.1306199139164799,0.0003194000974556453,0.0012833588321800539,0.15514148078088055,stokes
278,19,330,499,0.1759290839662458,0.17748527593753086,-0.00015702656048986405,-0.0005801893185995955,-0.0015561919712850647,antistokes
