,ddG,avg dH,Percent neg
0,-0.4783081542699956,0.30206228043649197,0.7562724014336918
1,-0.24488016528923184,0.14884275285069645,0.8566308243727598
2,0.09711393939395041,-0.060671748930732364,0.31899641577060933
3,-0.32893977961435894,0.19081550143609532,0.9283154121863799
4,0.13892121212123243,-0.07230882610935814,0.2867383512544803
5,-0.17714909090909714,0.10207456669384013,0.910394265232975
6,1.1030326721762829,-0.6397715403479345,0.16845878136200718
7,-0.2655207713498835,0.15381835051762566,0.6845878136200717
8,-0.9691910743801477,0.5635845267701263,0.9032258064516129
9,0.5779717906335691,-0.31967928728339995,0.06451612903225806
10,0.33654044077132994,-0.18671982442072116,0.2222222222222222
11,0.1874786776859314,-0.11203790370144776,0.33691756272401435
12,-0.11236639118456582,0.06210948943829265,0.5913978494623656
13,-1.1778196694215524,0.6379920666610165,0.8817204301075269
14,0.9121870523415225,-0.471306233460044,0.07885304659498207
15,0.5853705234160316,-0.32342797212169033,0.34050179211469533
16,0.04587212121205653,-0.023186608663526623,0.4982078853046595
17,-0.7305941597795989,0.4034554061608582,0.6559139784946236
18,-0.3891149311294,0.20789415388991592,0.8458781362007168
19,-0.4679766942148822,0.22636185881345036,0.9390681003584229
20,-0.33121570247933985,0.15081225658593117,0.9390681003584229
21,0.27611944903577434,-0.11555359635977107,0.02867383512544803
22,-0.27611944903577434,0.11555359635977107,0.9713261648745519
23,0.051521597796094554,-0.017312772746441177,0.3225806451612903
24,0.48453597796142933,-0.19669004208436483,0.05734767025089606
25,0.5099915702479336,-0.2677323670607276,0.07885304659498207
26,0.4359523415978974,-0.25313870396987176,0.17921146953405018
27,-1.4598315151515924,0.7471148688909148,0.9175627240143369
28,0.7685389531680471,-0.35443915019706257,0.05734767025089606
29,0.0766799449035318,-0.03947875070603946,0.2616487455197133
30,-0.723841928374668,0.3490036190604049,0.942652329749104
31,0.12583184573006267,-0.05274329623656282,0.1935483870967742
32,1.2284907438016432,-0.6457469605412011,0.1039426523297491
33,0.26981272727275085,-0.16852740620526452,0.3727598566308244
34,-2.3460544352616926,1.1213008980060006,0.9068100358422939
35,0.17333212121206998,-0.059572543844597814,0.03225806451612903
36,1.1143023140496662,-0.47331048267193754,0.025089605734767026
37,-0.15066380165302418,0.07075676706410164,0.9390681003584229
38,-1.2495880991734225,0.49138259844342996,0.974910394265233
39,1.1961435261707711,-0.4728631924654349,0.007168458781362007
40,0.773639118457369,-0.3956008495318232,0.06451612903225806
41,-0.11805542699721627,0.0642464312954363,0.7491039426523297
42,-1.013015922865009,0.4998251779824365,0.956989247311828
43,-0.1905647382919824,0.07756393258956161,0.953405017921147
44,-0.23911515151510798,0.0943344719093665,0.8530465949820788
45,1.8929786225895384,-0.9598519171153086,0.053763440860215055
46,-0.22930154269977265,0.1367951208488218,0.7491039426523297
47,0.03669426997251479,-0.02299834442120873,0.3870967741935484
48,-0.6324882093664432,0.3623228234124416,0.8781362007168458
49,-0.12096705234157046,0.06651841769496901,0.8853046594982079
50,-0.45397261707998293,0.2233810676619887,0.982078853046595
51,1.4319639118457128,-0.7732260654933715,0.0931899641577061
52,-1.3785024242424977,0.7514997878153403,0.899641577060932
53,1.283141818181917,-0.7019157219165351,0.08243727598566308
54,0.3761785674929574,-0.23551118146871736,0.37992831541218636
55,-0.8089203856749525,0.4873621970046056,0.7275985663082437
56,0.23264484848490952,-0.14495266104815127,0.13978494623655913
57,-0.02757090909085491,0.011157018511677146,0.4767025089605735
58,0.25320121212124036,-0.1499039798953042,0.24731182795698925
59,-0.1434721763085065,0.0893730694116623,0.6738351254480287
60,-0.3050577961431884,0.16905897009255275,0.7956989247311828
61,-0.04965129476579477,0.02380895720035922,0.6845878136200717
62,0.6688055096418846,-0.38204933276308883,0.1827956989247312
63,-0.19082859504132443,0.11449461204194282,0.6666666666666666
64,0.11816247933884938,-0.07612620912263164,0.2939068100358423
65,0.19514297520655077,-0.11626173906753598,0.4336917562724014
66,-0.06961515151516506,0.041651223230040516,0.5304659498207885
67,-1.0940195041322345,0.6178980258171217,0.8279569892473119
68,-0.0035650137742209154,0.006993405679765527,0.5806451612903226
69,-0.39379972451786216,0.20990744879636963,0.967741935483871
70,0.4565382920108325,-0.24915865345420948,0.017921146953405017
71,0.5761812121212424,-0.33656591798980934,0.0967741935483871
72,-0.22850523415982682,0.145423741649083,0.7956989247311828
73,0.2904755371900487,-0.19405228111872538,0.21505376344086022
74,0.5555202203856875,-0.3072710703160868,0.35125448028673834
75,0.06201487603314648,-0.025867768130573145,0.5519713261648745
76,-0.3193951515150957,0.16556288270785674,0.5591397849462365
77,-0.2820504683195679,0.15658684932456698,0.6415770609318996
78,-0.09951377410467899,0.05996833193419858,0.6630824372759857
79,-0.7265569696969281,0.43718723853233554,0.9247311827956989
80,0.7521349862258258,-0.4493896765358849,0.1039426523297491
81,0.4208988980717261,-0.220037938210322,0.36200716845878134
82,-0.3327866666666357,0.19116994498771164,0.6774193548387096
83,0.38399889807149634,-0.2100707927042496,0.35125448028673834
84,-0.7121007162533877,0.39742299011073234,0.7096774193548387
85,-0.39897090909087796,0.22679308051166286,0.9390681003584229
86,-0.34902000000002387,0.19844801886565988,0.974910394265233
87,0.9233363636363952,-0.5271230079370786,0.06810035842293907
88,0.6300548760330575,-0.3639677606092369,0.3010752688172043
89,-0.16923377410458373,0.0932669843319345,0.5268817204301075
90,-0.21957316804414972,0.12817864262264342,0.6415770609318996
91,0.1734115702479362,-0.09911764900713563,0.35842293906810035
92,0.23843719008260678,-0.1426320830388432,0.3906810035842294
93,-1.2386646831955659,0.7039777807889516,0.7885304659498208
94,0.7515013223141134,-0.435658444261709,0.1039426523297491
95,0.19021669421493925,-0.10843514634270622,0.25448028673835127
96,-0.6143121212121794,0.35589322234778,0.8028673835125448
97,-0.15919658402199843,0.09360103919234197,0.9032258064516129
98,-1.0162842424242617,0.5034778584336417,0.985663082437276
99,1.44865669421486,-0.7426687573556648,0.014336917562724014
100,-0.5334968044076613,0.3092041619879185,0.9354838709677419
101,0.007703140495834315,-0.00596305213369778,0.4946236559139785
102,0.948594490358118,-0.5642474128936856,0.1827956989247312
103,-0.5719754820936198,0.3358773639064784,0.7347670250896058
104,-0.700615426997274,0.405271591634889,0.956989247311828
105,-0.1472148760329901,0.07737698841404052,0.9032258064516129
106,-0.42955245179058466,0.18007407253231608,0.9354838709677419
107,0.4799603305784794,-0.20832135443712416,0.014336917562724014
108,1.0494334986226477,-0.6059993182434635,0.05734767025089606
109,-0.028420991735543577,0.014636940726216092,0.5376344086021505
110,0.2082460055096078,-0.11848204591414324,0.25448028673835127
111,0.5302164187327212,-0.3194797267618942,0.36200716845878134
112,-0.19561460055095337,0.11979624981631232,0.5663082437275986
113,-1.1299527272727232,0.6652300875033269,0.7956989247311828
114,0.31537134986240245,-0.18218627578327,0.07168458781362007
115,0.35445840220379,-0.20937014551933603,0.1971326164874552
116,0.2065520110192267,-0.11713545504649238,0.3154121863799283
117,-0.34261691460057,0.19775538669042644,0.7132616487455197
118,0.32429614325067835,-0.1903771874808971,0.2724014336917563
119,-0.39423426997245814,0.2272474311875457,0.7311827956989247
120,0.20979146005501592,-0.1256955047753209,0.20430107526881722
121,-0.08264881542703462,0.05132730893914595,0.6774193548387096
122,-0.2562683195591826,0.15784624759155735,0.8207885304659498
123,0.012407988980697393,0.0008986383060664824,0.5089605734767025
124,-0.0037842424243024197,-0.002654860699448808,0.5376344086021505
125,-0.08173223140488561,0.04842759086607089,0.6594982078853047
126,0.3244316253442898,-0.1812878522431905,0.15770609318996415
127,-1.1402138842975371,0.6129667576918768,0.9390681003584229
128,0.12165195592280043,-0.05595108407116807,0.0931899641577061
129,0.25315283746559203,-0.123654577753682,0.04659498207885305
130,0.17871019283745682,-0.10465840644956438,0.31899641577060933
131,0.19874771349861975,-0.11646096271035317,0.08243727598566308
132,-0.6959978512396972,0.36982681958778024,0.974910394265233
133,0.25603030303028707,-0.12778255607930972,0.08243727598566308
134,0.9230355371901169,-0.5413843318792435,0.07526881720430108
135,-0.7615061707988677,0.4611500105527493,0.8817204301075269
136,-0.4083451790633892,0.2094565643234746,0.974910394265233
137,0.2204015426997339,-0.10352554819332818,0.25448028673835127
138,-0.24217415977966628,0.12572554058679636,0.910394265232975
139,0.8883344903580905,-0.4741495398815442,0.02867383512544803
140,-0.517712121212071,0.28782731772895526,0.931899641577061
141,0.4113885399449084,-0.245218532650057,0.05734767025089606
142,-0.25261696969693004,0.14897329939990336,0.910394265232975
143,0.6004606060605506,-0.38088564908869244,0.14695340501792115
144,-0.5578959779614356,0.3479767375379475,0.8888888888888888
145,-0.523518622589592,0.2934285356258769,0.978494623655914
146,0.3273384573002156,-0.17166579010356564,0.03225806451612903
147,0.013467658402304572,-0.00944889474618622,0.44086021505376344
148,-0.5467851239668855,0.2703672389238917,0.967741935483871
149,0.007300275482095664,-0.007613979276839047,0.4551971326164875
150,0.7214068870523813,-0.3801388466130392,0.017921146953405017
151,-0.0248482093664113,0.011143162973895872,0.5519713261648745
152,0.7028526170798841,-0.4583655148422652,0.11827956989247312
153,-0.23750181818178362,0.15732414033705042,0.7777777777777778
154,0.43626710743805575,-0.2752178282531993,0.24372759856630824
155,0.367704407713461,-0.1945160267570683,0.4050179211469534
156,-0.048242424242431525,0.029581118779336724,0.4838709677419355
157,0.24785619834713657,-0.13230807957001903,0.4659498207885305
158,-0.5492265013774613,0.3059232027379014,0.5448028673835126
159,-0.3022363636363825,0.17847805473676262,0.6379928315412187
160,-0.6587046831955372,0.4230720806660331,0.8924731182795699
161,0.17938347107434494,-0.10625103428392349,0.16487455197132617
162,-0.7795195592287891,0.4306844078473479,0.978494623655914
163,-0.12719063360870653,0.05976467791883967,0.8888888888888888
164,0.6788661157024469,-0.33911876629146653,0.021505376344086023
165,-0.6257594490357983,0.31325700050369987,0.978494623655914
166,0.6258115702479197,-0.3067167546320648,0.021505376344086023
167,-0.18400578512398624,0.11121972285889178,0.8207885304659498
168,-0.9532749862258925,0.3820537885001187,0.982078853046595
169,1.7253006060607272,-0.8320152189153085,0.017921146953405017
170,0.03445999999982563,-0.026166743992352765,0.35125448028673834
171,-0.4144556473827943,0.26302171340062364,0.8709677419354839
172,0.22368071625345465,-0.1382792123746951,0.1971326164874552
173,0.8730058402204008,-0.5413521622469888,0.2903225806451613
174,-0.5184688705234919,0.3162443698824979,0.6236559139784946
175,0.1287896418732828,-0.07941976746721899,0.3118279569892473
176,-0.37323349862262534,0.22627281881673939,0.7240143369175627
177,0.4438253994489689,-0.26186938330164655,0.25806451612903225
178,-0.31668760330578083,0.18679038925878685,0.6953405017921147
179,-0.36351586776859746,0.21852726907943565,0.8602150537634409
180,-0.46129707988975976,0.25355790793711996,0.910394265232975
181,0.5996331680439639,-0.32693912944582443,0.07168458781362007
182,0.43460451790633714,-0.2644131483478963,0.24731182795698925
183,0.013547988980718628,-0.01354505040499658,0.4121863799283154
184,-0.2672601101928933,0.16967526658987772,0.7168458781362007
185,-0.3416393939393747,0.2030578686447486,0.8136200716845878
186,0.6789964187327651,-0.41428877540782755,0.2222222222222222
187,-1.1754539393938899,0.6640489225273529,0.8530465949820788
188,0.6022305785123478,-0.3211137209090724,0.08243727598566308
189,0.48106220385676624,-0.2996705189260688,0.26881720430107525
190,-0.08193829201104519,0.04880758756154222,0.5770609318996416
191,-0.4320905785123452,0.24612311643947957,0.7168458781362007
192,0.4421345454544521,-0.2765261745383986,0.23655913978494625
193,0.22525636363630408,-0.1270155655977434,0.3942652329749104
194,-0.5679945454545248,0.33296768845032376,0.6845878136200717
195,-0.1189948760330708,0.06668846065405196,0.7849462365591398
196,-0.3149798898072049,0.1801212359835869,0.8315412186379928
197,-0.3948280991735653,0.20083443147822272,0.96415770609319
198,0.6288838567492689,-0.3205908001075676,0.02867383512544803
199,0.16473146005512262,-0.09669489027442155,0.24372759856630824
200,0.2685212121211009,-0.15252029532460926,0.2724014336917563
201,-0.19532881542699032,0.11051435488590688,0.6881720430107527
202,0.29435636363629714,-0.1915951999204618,0.25448028673835127
203,-0.2247099173553413,0.13755424191398286,0.6523297491039427
204,0.16486115702477422,-0.10636138758191342,0.31899641577060933
205,0.11457741046828618,-0.06646512750621525,0.3906810035842294
206,0.0653254545454729,-0.03488545191260957,0.45161290322580644
207,0.16688749311290918,-0.09777555625316207,0.4121863799283154
208,-0.9886226446280384,0.5892239796994737,0.7562724014336918
209,0.35975515151517445,-0.21073796375212633,0.11469534050179211
210,-0.1924050137741058,0.1146299139393419,0.7670250896057348
211,-0.15204269972449014,0.08325408523485932,0.7419354838709677
212,-0.7545933884297247,0.3798732211186809,0.985663082437276
213,1.3053576308540475,-0.7216141251019152,0.03942652329749104
214,0.046110743801676346,-0.028180879511616904,0.4121863799283154
215,-0.2785777410468593,0.16803324763248065,0.7096774193548387
216,0.32267757575755196,-0.18971640181533048,0.2078853046594982
217,-0.38907840220386314,0.2314498772620365,0.7885304659498208
218,-0.06482391184573544,0.03242052916925646,0.6702508960573477
219,0.9408195592286859,-0.5283118512533643,0.2724014336917563
220,-0.7444419283746697,0.4130194888880373,0.6738351254480287
221,-0.38375438016529984,0.22879201007223313,0.9032258064516129
222,0.5704761983471092,-0.3363419999730117,0.12903225806451613
223,0.055416198347131296,-0.03509092986034227,0.4121863799283154
224,-1.1631727272727512,0.6631289922297589,0.931899641577061
225,0.03510639118459924,-0.01556599257202427,0.4659498207885305
226,-0.30286672176308027,0.13460138108807226,0.96415770609319
227,1.361107162534494,-0.7287820444695241,0.04659498207885305
228,-0.06979471074379262,0.042836184624485914,0.6272401433691757
229,-0.21185184573002402,0.12271061597659673,0.7849462365591398
230,-0.2238019283746553,0.12711547206247797,0.8602150537634409
231,0.6377810468319751,-0.37266941465526854,0.16129032258064516
232,-0.24932424242422302,0.14114369221868667,0.7455197132616488
233,-0.7940821487603662,0.45246186143808015,0.9283154121863799
234,0.27570969696975656,-0.14767334390791365,0.03942652329749104
235,-0.3398884297521363,0.18310125306684163,0.9498207885304659
236,0.29223013774102924,-0.15407679335100635,0.035842293906810034
237,1.0415117355371706,-0.604329285594268,0.20430107526881722
238,0.19703443526165643,-0.12078933812012163,0.41935483870967744
239,-0.19264545454547033,0.11579270084367627,0.5304659498207885
240,-0.39584600550964,0.23443278262741143,0.6487455197132617
241,-1.1691771349862559,0.6517228229490254,0.9390681003584229
242,-0.8077570247934034,0.3109386892275414,1.0
243,0.6904624793388612,-0.2613167181972911,0.0
244,-0.34350468319558924,0.1435034639646751,1.0
245,-0.21747790633617115,0.07675252884606677,0.7813620071684588
246,1.1095757575758105,-0.5042993972256754,0.007168458781362007
247,0.9845294765839583,-0.5662420438771718,0.16845878136200718
248,0.3146811019283855,-0.1699192170984972,0.41935483870967744
249,-0.14835757575750108,0.08195624718703604,0.5125448028673835
250,0.10596958677678003,-0.06534927057610755,0.4229390681003584
251,0.40416319559227487,-0.23100227686829447,0.46953405017921146
252,-0.6976430853994482,0.39488031876494406,0.5448028673835126
253,-0.022919063360888003,0.01697904494480555,0.4838709677419355
254,0.5405942699724733,-0.3016884870255411,0.3906810035842294
255,-1.0268515151515203,0.5911743325730217,0.6594982078853047
256,0.37093179063364845,-0.21630193668562517,0.2222222222222222
257,0.1517680440771585,-0.08816901235097581,0.3978494623655914
258,0.39382468319556097,-0.2178164948784557,0.4121863799283154
259,-0.4742592837465054,0.2610415804654356,0.5734767025089605
